UserID,UserName,RegisterTimestamp,RegisteredDateID,RegisterDate,CountryName,Membership,Email,Age,Gender
heste1629355476000,hestermark,1623731924,20210615,2021-06-15,United Arab Emirates,Professional,hestermark@gmail.com,48,Female
kenne1629355476001,kenneth60,1626622814,20210718,2021-07-18,France,Basic,kenneth60@yahoo.com,38,Male
maxwe1629355476002,maxwelljacqueline,1629074320,20210816,2021-08-16,Singapore,Professional,maxwelljacqueline@gmail.com,54,Unknown
saman1629355476003,samanthaodonnell,1609503129,20210101,2021-01-01,Singapore,Professional,samanthaodonnell@yahoo.com,52,Male
steve1629355476004,steven89,1624878608,20210628,2021-06-28,Switzerland,Professional,steven89@gmail.com,35,Male
nicol1629355476005,nicole08,1613738593,20210219,2021-02-19,France,Basic,nicole08@yahoo.com,42,Female
thoma1629355476006,thomasdavenport,1610081847,20210108,2021-01-08,China,Professional,thomasdavenport@hotmail.com,26,Female
amand1629355476007,amandajohnson,1613985406,20210222,2021-02-22,Australia,Basic,amandajohnson@hotmail.com,26,Unknown
donna1629355476008,donna51,1624273359,20210621,2021-06-21,United Arab Emirates,Professional,donna51@hotmail.com,60,Unknown
torre1629355476009,torresmary,1613129776,20210212,2021-02-12,United Kingdom,Basic,torresmary@yahoo.com,53,Male
rivas1629355476010,rivaschristopher,1614995230,20210306,2021-03-06,Hong Kong,Basic,rivaschristopher@yahoo.com,53,Female
marti1629355476011,martinezjoseph,1624078809,20210619,2021-06-19,Sweden,Basic,martinezjoseph@gmail.com,59,Female
washi1629355476012,washingtonjustin,1620834351,20210512,2021-05-12,China,Basic,washingtonjustin@yahoo.com,53,Female
lmuel1629355476013,lmueller,1616596525,20210324,2021-03-24,Ireland,Basic,lmueller@yahoo.com,22,Male
tonya1629355476014,tonya42,1615277230,20210309,2021-03-09,Switzerland,Professional,tonya42@gmail.com,24,Male
clark1629355476015,clarkshawn,1620565697,20210509,2021-05-09,Sweden,Basic,clarkshawn@gmail.com,13,Male
cbran1629355476016,cbranch,1610096263,20210108,2021-01-08,Germany,Basic,cbranch@gmail.com,44,Female
kerry1629355476017,kerryolson,1626687585,20210719,2021-07-19,Japan,Professional,kerryolson@gmail.com,51,Female
miche1629355476018,michellereynolds,1609679874,20210103,2021-01-03,Japan,Basic,michellereynolds@hotmail.com,39,Unknown
diana1629355476019,diana15,1625019289,20210630,2021-06-30,United States,Professional,diana15@hotmail.com,54,Unknown
ewill1629355476020,ewilliams,1623254148,20210609,2021-06-09,South Africa,Basic,ewilliams@hotmail.com,44,Male
wheel1629355476021,wheelerjessica,1612709722,20210207,2021-02-07,Canada,Basic,wheelerjessica@gmail.com,32,Unknown
wknig1629355476022,wknight,1614864427,20210304,2021-03-04,Germany,Basic,wknight@yahoo.com,57,Female
bradl1629355476023,bradleyjames,1612632825,20210207,2021-02-07,United Kingdom,Basic,bradleyjames@hotmail.com,46,Male
lyons1629355476024,lyonsaaron,1611302750,20210122,2021-01-22,Taiwan,Professional,lyonsaaron@yahoo.com,21,Female
jacob1629355476025,jacobroberts,1619626160,20210428,2021-04-28,Singapore,Basic,jacobroberts@hotmail.com,23,Female
jerem1629355476026,jeremiah85,1620190593,20210505,2021-05-05,Singapore,Professional,jeremiah85@gmail.com,48,Unknown
miche1629355476027,michellemeyer,1614478524,20210228,2021-02-28,Switzerland,Basic,michellemeyer@gmail.com,12,Female
chad41629355476028,chad46,1629177379,20210817,2021-08-17,France,Basic,chad46@hotmail.com,26,Unknown
matth1629355476029,matthewbass,1615692048,20210314,2021-03-14,Singapore,Basic,matthewbass@gmail.com,59,Male
kcumm1629355476030,kcummings,1627261920,20210726,2021-07-26,South Korea,Professional,kcummings@yahoo.com,45,Unknown
kshaf1629355476031,kshaffer,1617888717,20210408,2021-04-08,Singapore,Professional,kshaffer@gmail.com,21,Male
monic1629355476032,monicajohnson,1629229150,20210818,2021-08-18,Hong Kong,Professional,monicajohnson@gmail.com,57,Male
price1629355476033,pricetaylor,1614152126,20210224,2021-02-24,Switzerland,Basic,pricetaylor@yahoo.com,35,Male
tiffa1629355476034,tiffanyspencer,1614833082,20210304,2021-03-04,Sweden,Basic,tiffanyspencer@yahoo.com,26,Unknown
angel1629355476035,angelamercado,1623300015,20210610,2021-06-10,France,Professional,angelamercado@hotmail.com,58,Female
paul31629355476036,paul30,1615261361,20210309,2021-03-09,Taiwan,Professional,paul30@hotmail.com,38,Unknown
jacqu1629355476037,jacquelinehickman,1626817746,20210721,2021-07-21,Switzerland,Professional,jacquelinehickman@gmail.com,37,Female
brian1629355476038,brianstanley,1622792710,20210604,2021-06-04,Denmark,Basic,brianstanley@hotmail.com,57,Unknown
maria1629355476039,mariahhernandez,1619234270,20210424,2021-04-24,Japan,Basic,mariahhernandez@gmail.com,30,Male
maria1629355476040,maria67,1617933860,20210409,2021-04-09,New Zealand,Basic,maria67@yahoo.com,28,Male
miche1629355476041,michelle87,1626317179,20210715,2021-07-15,Switzerland,Basic,michelle87@hotmail.com,46,Unknown
meado1629355476042,meadowsjesse,1622461239,20210531,2021-05-31,Singapore,Professional,meadowsjesse@yahoo.com,39,Male
zacha1629355476043,zachary38,1609785470,20210105,2021-01-05,Hong Kong,Professional,zachary38@hotmail.com,57,Male
eric91629355476044,eric97,1613176128,20210213,2021-02-13,United Kingdom,Basic,eric97@yahoo.com,51,Male
amand1629355476045,amanda88,1628695259,20210811,2021-08-11,Germany,Professional,amanda88@gmail.com,23,Female
keith1629355476046,keithhenderson,1610624099,20210114,2021-01-14,Norway,Basic,keithhenderson@gmail.com,60,Male
britt1629355476047,brittneywise,1629249630,20210818,2021-08-18,Denmark,Basic,brittneywise@yahoo.com,39,Unknown
qharm1629355476048,qharmon,1615635823,20210313,2021-03-13,Canada,Professional,qharmon@hotmail.com,47,Unknown
swolf1629355476049,swolf,1612931976,20210210,2021-02-10,South Africa,Basic,swolf@gmail.com,45,Male
wagne1629355476050,wagnerryan,1619950376,20210502,2021-05-02,Ireland,Professional,wagnerryan@gmail.com,47,Unknown
orodr1629355476051,orodriguez,1621757320,20210523,2021-05-23,Sweden,Basic,orodriguez@yahoo.com,35,Male
james1629355476052,jamesmccormick,1628132632,20210805,2021-08-05,South Africa,Basic,jamesmccormick@gmail.com,49,Male
xcast1629355476053,xcastaneda,1621649406,20210522,2021-05-22,United Kingdom,Professional,xcastaneda@yahoo.com,47,Female
david1629355476054,davidcunningham,1621738107,20210523,2021-05-23,Sweden,Professional,davidcunningham@yahoo.com,38,Male
mcase1629355476055,mcase,1628532562,20210810,2021-08-10,Taiwan,Professional,mcase@yahoo.com,59,Male
lydia1629355476056,lydiacrawford,1622897909,20210605,2021-06-05,Singapore,Basic,lydiacrawford@yahoo.com,31,Female
bradf1629355476057,bradfordsarah,1623067442,20210607,2021-06-07,Japan,Basic,bradfordsarah@hotmail.com,20,Female
morga1629355476058,morganedward,1616398157,20210322,2021-03-22,Ireland,Professional,morganedward@yahoo.com,54,Female
ythom1629355476059,ythompson,1614223755,20210225,2021-02-25,South Africa,Professional,ythompson@gmail.com,35,Female
dlest1629355476060,dlester,1616160630,20210319,2021-03-19,Japan,Professional,dlester@yahoo.com,45,Male
zmend1629355476061,zmendez,1624938181,20210629,2021-06-29,Taiwan,Basic,zmendez@gmail.com,23,Unknown
maxbr1629355476062,maxbradshaw,1624228910,20210621,2021-06-21,Denmark,Basic,maxbradshaw@gmail.com,60,Unknown
matth1629355476063,matthewking,1623548102,20210613,2021-06-13,South Africa,Professional,matthewking@gmail.com,18,Male
james1629355476064,james69,1624659460,20210626,2021-06-26,United Arab Emirates,Professional,james69@yahoo.com,40,Male
mcgui1629355476065,mcguireteresa,1610584483,20210114,2021-01-14,France,Professional,mcguireteresa@gmail.com,22,Male
james1629355476066,jamescampbell,1619340875,20210425,2021-04-25,France,Basic,jamescampbell@hotmail.com,44,Male
hayne1629355476067,haynesolivia,1623192395,20210609,2021-06-09,Canada,Basic,haynesolivia@hotmail.com,36,Unknown
patri1629355476068,patrickcarrillo,1624181171,20210620,2021-06-20,Sweden,Basic,patrickcarrillo@yahoo.com,12,Unknown
james1629355476069,james66,1617131677,20210331,2021-03-31,Australia,Basic,james66@gmail.com,35,Male
matth1629355476070,matthew10,1625521074,20210706,2021-07-06,Germany,Basic,matthew10@gmail.com,53,Female
becky1629355476071,beckychang,1618354766,20210414,2021-04-14,South Korea,Professional,beckychang@yahoo.com,29,Male
zprui1629355476072,zpruitt,1616574667,20210324,2021-03-24,United Arab Emirates,Professional,zpruitt@hotmail.com,37,Unknown
kelle1629355476073,kelleymelissa,1611017094,20210119,2021-01-19,Switzerland,Basic,kelleymelissa@gmail.com,19,Unknown
erick1629355476074,ericksonjoshua,1618003283,20210410,2021-04-10,Hong Kong,Basic,ericksonjoshua@gmail.com,43,Unknown
reedl1629355476075,reedlaura,1619469661,20210427,2021-04-27,Singapore,Basic,reedlaura@hotmail.com,27,Female
gharr1629355476076,gharris,1629194971,20210817,2021-08-17,Singapore,Basic,gharris@yahoo.com,56,Unknown
gevan1629355476077,gevans,1611935235,20210129,2021-01-29,Switzerland,Basic,gevans@yahoo.com,46,Male
coffe1629355476078,coffeymolly,1609807816,20210105,2021-01-05,China,Basic,coffeymolly@hotmail.com,14,Female
eric71629355476079,eric72,1626280680,20210714,2021-07-14,Hong Kong,Professional,eric72@yahoo.com,53,Female
allis1629355476080,allison05,1619581639,20210428,2021-04-28,Singapore,Basic,allison05@gmail.com,39,Unknown
miche1629355476081,michellegutierrez,1611456856,20210124,2021-01-24,Taiwan,Professional,michellegutierrez@gmail.com,48,Unknown
melis1629355476082,melissahansen,1617976284,20210409,2021-04-09,Ireland,Professional,melissahansen@yahoo.com,23,Female
logan1629355476083,loganmatthew,1620115225,20210504,2021-05-04,Hong Kong,Professional,loganmatthew@hotmail.com,20,Unknown
domin1629355476084,dominguezgloria,1622150688,20210528,2021-05-28,South Korea,Basic,dominguezgloria@yahoo.com,30,Male
perki1629355476085,perkinskendra,1627196438,20210725,2021-07-25,Hong Kong,Basic,perkinskendra@gmail.com,23,Unknown
pedwa1629355476086,pedwards,1621289249,20210518,2021-05-18,Ireland,Professional,pedwards@hotmail.com,44,Unknown
watts1629355476087,wattsvirginia,1614961271,20210305,2021-03-05,New Zealand,Basic,wattsvirginia@yahoo.com,13,Unknown
alyss1629355476088,alyssa82,1622126275,20210527,2021-05-27,South Korea,Basic,alyssa82@yahoo.com,50,Unknown
wcook1629355476089,wcook,1625756437,20210708,2021-07-08,Switzerland,Basic,wcook@gmail.com,52,Male
alexa1629355476090,alexandersheppard,1621713754,20210523,2021-05-23,Taiwan,Professional,alexandersheppard@yahoo.com,57,Male
dmorg1629355476091,dmorgan,1619904601,20210502,2021-05-02,United States,Basic,dmorgan@yahoo.com,16,Unknown
hmerc1629355476092,hmercado,1612035441,20210131,2021-01-31,Norway,Basic,hmercado@hotmail.com,58,Female
nicho1629355476093,nicholehughes,1609688412,20210103,2021-01-03,Hong Kong,Basic,nicholehughes@yahoo.com,49,Male
andre1629355476094,andrew19,1617318610,20210402,2021-04-02,Japan,Professional,andrew19@yahoo.com,23,Male
nwils1629355476095,nwilson,1616493302,20210323,2021-03-23,South Africa,Professional,nwilson@hotmail.com,42,Unknown
fredm1629355476096,fredmejia,1610882844,20210117,2021-01-17,United States,Basic,fredmejia@yahoo.com,53,Female
proct1629355476097,proctorwilliam,1622369300,20210530,2021-05-30,France,Professional,proctorwilliam@yahoo.com,12,Male
huffj1629355476098,huffjohn,1616876088,20210328,2021-03-28,Switzerland,Basic,huffjohn@yahoo.com,43,Male
charl1629355476099,charles93,1614971769,20210306,2021-03-06,Switzerland,Professional,charles93@yahoo.com,17,Unknown
james1629355476100,james68,1628129801,20210805,2021-08-05,Taiwan,Basic,james68@hotmail.com,28,Female
nicol1629355476101,nicolecampbell,1621374429,20210519,2021-05-19,Denmark,Basic,nicolecampbell@yahoo.com,25,Unknown
chris1629355476102,christinedavis,1609996394,20210107,2021-01-07,United States,Professional,christinedavis@hotmail.com,38,Unknown
wgood1629355476103,wgoodwin,1623550045,20210613,2021-06-13,South Korea,Basic,wgoodwin@yahoo.com,38,Unknown
david1629355476104,davidjackson,1628244390,20210806,2021-08-06,United States,Basic,davidjackson@gmail.com,43,Unknown
chris1629355476105,christina61,1618944283,20210421,2021-04-21,Australia,Professional,christina61@hotmail.com,12,Unknown
tmaxw1629355476106,tmaxwell,1628422146,20210808,2021-08-08,China,Basic,tmaxwell@hotmail.com,54,Unknown
gchan1629355476107,gchang,1615943928,20210317,2021-03-17,Germany,Professional,gchang@gmail.com,17,Male
jsext1629355476108,jsexton,1613432477,20210216,2021-02-16,Taiwan,Basic,jsexton@hotmail.com,47,Female
steph1629355476109,stephenjames,1623786330,20210616,2021-06-16,Canada,Professional,stephenjames@hotmail.com,35,Unknown
sara71629355476110,sara75,1615992759,20210317,2021-03-17,United Arab Emirates,Professional,sara75@hotmail.com,25,Female
chery1629355476111,cheryltucker,1623843851,20210616,2021-06-16,United States,Basic,cheryltucker@yahoo.com,14,Female
coxti1629355476112,coxtiffany,1628367428,20210808,2021-08-08,China,Professional,coxtiffany@gmail.com,42,Male
rebek1629355476113,rebekahdaniels,1627990312,20210803,2021-08-03,New Zealand,Basic,rebekahdaniels@yahoo.com,37,Male
whall1629355476114,whall,1622527151,20210601,2021-06-01,New Zealand,Basic,whall@gmail.com,43,Male
xkirb1629355476115,xkirby,1615685219,20210314,2021-03-14,South Africa,Professional,xkirby@yahoo.com,30,Unknown
misty1629355476116,misty47,1627537221,20210729,2021-07-29,United Arab Emirates,Basic,misty47@yahoo.com,33,Female
dunnm1629355476117,dunnmartha,1622205976,20210528,2021-05-28,Norway,Professional,dunnmartha@hotmail.com,47,Male
rrobl1629355476118,rrobles,1610750338,20210116,2021-01-16,Germany,Basic,rrobles@gmail.com,16,Male
lsmit1629355476119,lsmith,1622027912,20210526,2021-05-26,Australia,Basic,lsmith@yahoo.com,15,Female
jeffe1629355476120,jeffery48,1624494096,20210624,2021-06-24,Hong Kong,Basic,jeffery48@yahoo.com,58,Male
iberr1629355476121,iberry,1616310419,20210321,2021-03-21,New Zealand,Professional,iberry@yahoo.com,49,Male
goodm1629355476122,goodmanjacob,1613224140,20210213,2021-02-13,Canada,Professional,goodmanjacob@hotmail.com,54,Male
ortiz1629355476123,ortizdebra,1620360077,20210507,2021-05-07,United States,Basic,ortizdebra@gmail.com,32,Male
jacqu1629355476124,jacquelinemorgan,1622946316,20210606,2021-06-06,Japan,Professional,jacquelinemorgan@gmail.com,16,Unknown
gilmo1629355476125,gilmoremorgan,1613060914,20210211,2021-02-11,Germany,Basic,gilmoremorgan@hotmail.com,17,Male
chloe1629355476126,chloejackson,1623923214,20210617,2021-06-17,United Arab Emirates,Basic,chloejackson@yahoo.com,48,Female
molly1629355476127,molly04,1623350356,20210611,2021-06-11,Norway,Professional,molly04@hotmail.com,60,Male
david1629355476128,davidgray,1615734787,20210314,2021-03-14,Germany,Professional,davidgray@gmail.com,38,Female
farme1629355476129,farmersamantha,1622872046,20210605,2021-06-05,Canada,Professional,farmersamantha@hotmail.com,24,Male
serra1629355476130,serranodavid,1626138280,20210713,2021-07-13,Denmark,Professional,serranodavid@hotmail.com,58,Female
lynch1629355476131,lynchmichael,1611787598,20210128,2021-01-28,Ireland,Basic,lynchmichael@hotmail.com,27,Male
sherr1629355476132,sherrylopez,1621334950,20210518,2021-05-18,United States,Basic,sherrylopez@gmail.com,15,Unknown
blane1629355476133,blane,1623668201,20210614,2021-06-14,Canada,Basic,blane@yahoo.com,13,Male
melan1629355476134,melanieward,1613474938,20210216,2021-02-16,Japan,Professional,melanieward@gmail.com,28,Female
regin1629355476135,reginaowens,1612204649,20210202,2021-02-02,Hong Kong,Professional,reginaowens@hotmail.com,28,Female
pager1629355476136,pageryan,1622747042,20210604,2021-06-04,Switzerland,Basic,pageryan@hotmail.com,47,Male
asnyd1629355476137,asnyder,1620653548,20210510,2021-05-10,Taiwan,Professional,asnyder@gmail.com,46,Female
harri1629355476138,harrisrichard,1617190359,20210331,2021-03-31,United Kingdom,Basic,harrisrichard@hotmail.com,49,Unknown
asanf1629355476139,asanford,1610904399,20210118,2021-01-18,Hong Kong,Professional,asanford@gmail.com,29,Unknown
ysanc1629355476140,ysanchez,1613617555,20210218,2021-02-18,United States,Professional,ysanchez@yahoo.com,32,Unknown
steve1629355476141,stevensrichard,1628087434,20210804,2021-08-04,Hong Kong,Basic,stevensrichard@gmail.com,58,Female
colin1629355476142,colin03,1626502937,20210717,2021-07-17,United States,Basic,colin03@yahoo.com,52,Female
krist1629355476143,kristina42,1619922209,20210502,2021-05-02,South Korea,Basic,kristina42@yahoo.com,26,Female
erick1629355476144,ericksonjoshua,1624717075,20210626,2021-06-26,United States,Professional,ericksonjoshua@hotmail.com,59,Female
bellc1629355476145,bellchris,1625641505,20210707,2021-07-07,United Kingdom,Basic,bellchris@hotmail.com,15,Female
lewis1629355476146,lewistracey,1612904196,20210210,2021-02-10,Ireland,Professional,lewistracey@yahoo.com,60,Male
ymerc1629355476147,ymercado,1615388944,20210310,2021-03-10,South Africa,Basic,ymercado@gmail.com,22,Female
oelli1629355476148,oelliott,1616826822,20210327,2021-03-27,United States,Basic,oelliott@yahoo.com,49,Female
krist1629355476149,kristen66,1621876536,20210525,2021-05-25,Denmark,Basic,kristen66@yahoo.com,33,Unknown
lkidd1629355476150,lkidd,1620094443,20210504,2021-05-04,Taiwan,Professional,lkidd@yahoo.com,43,Female
nbenn1629355476151,nbennett,1617905395,20210409,2021-04-09,Taiwan,Professional,nbennett@gmail.com,15,Unknown
janet1629355476152,janet79,1610894832,20210117,2021-01-17,United Arab Emirates,Basic,janet79@gmail.com,60,Male
hanco1629355476153,hancockcarrie,1624826046,20210628,2021-06-28,Ireland,Basic,hancockcarrie@yahoo.com,16,Male
zcamp1629355476154,zcampbell,1621138524,20210516,2021-05-16,United States,Basic,zcampbell@gmail.com,58,Unknown
lwalk1629355476155,lwalker,1629253792,20210818,2021-08-18,Hong Kong,Professional,lwalker@gmail.com,47,Female
bradf1629355476156,bradfordkarl,1627744928,20210731,2021-07-31,South Korea,Basic,bradfordkarl@gmail.com,32,Male
jenni1629355476157,jennifer29,1611900382,20210129,2021-01-29,New Zealand,Professional,jennifer29@gmail.com,39,Male
eliza1629355476158,elizabeth72,1611306385,20210122,2021-01-22,South Africa,Basic,elizabeth72@yahoo.com,47,Unknown
baile1629355476159,baileycarol,1616802238,20210327,2021-03-27,South Korea,Professional,baileycarol@yahoo.com,15,Unknown
kirkl1629355476160,kirkleonard,1617143036,20210331,2021-03-31,Ireland,Basic,kirkleonard@gmail.com,40,Unknown
fbake1629355476161,fbaker,1613161229,20210213,2021-02-13,United States,Basic,fbaker@hotmail.com,49,Unknown
james1629355476162,james80,1620436305,20210508,2021-05-08,China,Professional,james80@gmail.com,60,Unknown
kevin1629355476163,kevinpeterson,1616675247,20210325,2021-03-25,Switzerland,Basic,kevinpeterson@hotmail.com,17,Male
mille1629355476164,millerwilliam,1622763580,20210604,2021-06-04,Canada,Basic,millerwilliam@gmail.com,40,Female
sandr1629355476165,sandrafloyd,1614151189,20210224,2021-02-24,South Africa,Professional,sandrafloyd@hotmail.com,38,Unknown
cgibs1629355476166,cgibson,1628751771,20210812,2021-08-12,United Arab Emirates,Basic,cgibson@hotmail.com,46,Unknown
kayla1629355476167,kayla85,1611287233,20210122,2021-01-22,United Arab Emirates,Professional,kayla85@hotmail.com,54,Unknown
heath1629355476168,heather09,1613135379,20210212,2021-02-12,South Korea,Professional,heather09@gmail.com,58,Male
cmayo1629355476169,cmayo,1611291341,20210122,2021-01-22,Ireland,Basic,cmayo@gmail.com,13,Female
erikm1629355476170,erikmatthews,1626607584,20210718,2021-07-18,Switzerland,Professional,erikmatthews@yahoo.com,17,Female
katel1629355476171,katelynwagner,1619920244,20210502,2021-05-02,Switzerland,Professional,katelynwagner@gmail.com,52,Unknown
johnl1629355476172,johnlawson,1626005541,20210711,2021-07-11,South Korea,Professional,johnlawson@gmail.com,14,Unknown
ajohn1629355476173,ajohnson,1620682722,20210511,2021-05-11,China,Professional,ajohnson@gmail.com,13,Female
micha1629355476174,michaelalvarado,1617556129,20210405,2021-04-05,Japan,Basic,michaelalvarado@gmail.com,53,Male
coled1629355476175,coledaniel,1611107249,20210120,2021-01-20,Japan,Professional,coledaniel@gmail.com,48,Unknown
samue1629355476176,samuel46,1611806778,20210128,2021-01-28,United Arab Emirates,Professional,samuel46@yahoo.com,49,Male
wisee1629355476177,wiseerin,1620346282,20210507,2021-05-07,United Arab Emirates,Professional,wiseerin@yahoo.com,14,Female
victo1629355476178,victoria04,1626243590,20210714,2021-07-14,South Korea,Professional,victoria04@gmail.com,41,Unknown
marga1629355476179,margaret35,1620359109,20210507,2021-05-07,Hong Kong,Professional,margaret35@hotmail.com,16,Male
andre1629355476180,andrewsjames,1618743876,20210418,2021-04-18,United States,Professional,andrewsjames@hotmail.com,42,Female
kimda1629355476181,kimdaniel,1628105889,20210805,2021-08-05,United Kingdom,Basic,kimdaniel@gmail.com,45,Unknown
wgrif1629355476182,wgriffith,1621362463,20210519,2021-05-19,United Arab Emirates,Basic,wgriffith@yahoo.com,51,Male
smith1629355476183,smithsara,1628820044,20210813,2021-08-13,New Zealand,Professional,smithsara@yahoo.com,56,Unknown
melis1629355476184,melissacarter,1628827390,20210813,2021-08-13,United States,Basic,melissacarter@yahoo.com,25,Female
whami1629355476185,whamilton,1618667162,20210417,2021-04-17,China,Professional,whamilton@hotmail.com,44,Male
becky1629355476186,beckyvargas,1619118843,20210423,2021-04-23,South Korea,Basic,beckyvargas@gmail.com,45,Male
laura1629355476187,laurarobinson,1610701064,20210115,2021-01-15,China,Basic,laurarobinson@gmail.com,33,Male
timot1629355476188,timothy03,1614246349,20210225,2021-02-25,Sweden,Basic,timothy03@yahoo.com,16,Female
sierr1629355476189,sierrasimpson,1623514999,20210612,2021-06-12,Canada,Basic,sierrasimpson@hotmail.com,22,Female
codym1629355476190,codymitchell,1616099048,20210319,2021-03-19,Singapore,Basic,codymitchell@gmail.com,33,Female
adamf1629355476191,adamfuentes,1619109515,20210422,2021-04-22,New Zealand,Basic,adamfuentes@hotmail.com,39,Female
hallj1629355476192,halljohnathan,1611841430,20210128,2021-01-28,Hong Kong,Professional,halljohnathan@yahoo.com,51,Female
imass1629355476193,imassey,1624694493,20210626,2021-06-26,New Zealand,Basic,imassey@hotmail.com,15,Female
taylo1629355476194,taylorjack,1612386450,20210204,2021-02-04,Australia,Basic,taylorjack@yahoo.com,19,Unknown
melis1629355476195,melissa78,1625718762,20210708,2021-07-08,Germany,Basic,melissa78@yahoo.com,59,Unknown
snowl1629355476196,snowluke,1625986129,20210711,2021-07-11,United Kingdom,Professional,snowluke@hotmail.com,55,Unknown
nlope1629355476197,nlopez,1614317445,20210226,2021-02-26,United States,Professional,nlopez@hotmail.com,48,Unknown
laura1629355476198,laurakelly,1617881950,20210408,2021-04-08,United Arab Emirates,Professional,laurakelly@hotmail.com,28,Female
drang1629355476199,drangel,1611881786,20210129,2021-01-29,New Zealand,Basic,drangel@hotmail.com,32,Unknown
ktapi1629355476200,ktapia,1628991814,20210815,2021-08-15,United Kingdom,Basic,ktapia@hotmail.com,56,Female
qrich1629355476201,qrichards,1617647636,20210406,2021-04-06,France,Professional,qrichards@hotmail.com,39,Unknown
craig1629355476202,craigbrown,1627627043,20210730,2021-07-30,Australia,Professional,craigbrown@yahoo.com,20,Unknown
sutto1629355476203,suttonmichael,1623764421,20210615,2021-06-15,Sweden,Professional,suttonmichael@gmail.com,56,Female
ibarn1629355476204,ibarnett,1625077188,20210701,2021-07-01,Canada,Basic,ibarnett@yahoo.com,33,Male
micha1629355476205,michael51,1628120608,20210805,2021-08-05,Australia,Professional,michael51@yahoo.com,47,Male
rhond1629355476206,rhondagreer,1618810939,20210419,2021-04-19,Japan,Professional,rhondagreer@hotmail.com,42,Unknown
carpe1629355476207,carpenterclaire,1616009299,20210318,2021-03-18,Sweden,Basic,carpenterclaire@hotmail.com,26,Unknown
mary11629355476208,mary15,1610651675,20210115,2021-01-15,Norway,Professional,mary15@yahoo.com,22,Female
veron1629355476209,veronica37,1623267768,20210610,2021-06-10,Japan,Basic,veronica37@gmail.com,41,Unknown
phili1629355476210,philip97,1616155163,20210319,2021-03-19,China,Basic,philip97@yahoo.com,29,Female
kelly1629355476211,kellywilliam,1620340832,20210507,2021-05-07,Japan,Professional,kellywilliam@hotmail.com,38,Unknown
kelly1629355476212,kellystephanie,1609659922,20210103,2021-01-03,United States,Professional,kellystephanie@hotmail.com,48,Unknown
ecumm1629355476213,ecummings,1610431249,20210112,2021-01-12,South Korea,Basic,ecummings@hotmail.com,46,Unknown
shane1629355476214,shane49,1613075432,20210212,2021-02-12,United Arab Emirates,Basic,shane49@hotmail.com,23,Male
gary21629355476215,gary26,1628444304,20210809,2021-08-09,Germany,Professional,gary26@yahoo.com,42,Female
houst1629355476216,houstondaniel,1614997947,20210306,2021-03-06,Sweden,Basic,houstondaniel@gmail.com,29,Male
amand1629355476217,amandawolfe,1620798445,20210512,2021-05-12,Norway,Basic,amandawolfe@gmail.com,42,Female
gkell1629355476218,gkeller,1623230690,20210609,2021-06-09,Ireland,Basic,gkeller@yahoo.com,47,Unknown
cynth1629355476219,cynthiaayers,1613323828,20210215,2021-02-15,South Africa,Basic,cynthiaayers@hotmail.com,13,Unknown
chave1629355476220,chavezryan,1621891141,20210525,2021-05-25,Taiwan,Basic,chavezryan@gmail.com,51,Male
ander1629355476221,andersonleonard,1620804046,20210512,2021-05-12,Taiwan,Basic,andersonleonard@hotmail.com,26,Unknown
jones1629355476222,jonesgeorge,1614957083,20210305,2021-03-05,United States,Professional,jonesgeorge@gmail.com,25,Female
msmal1629355476223,msmall,1622189281,20210528,2021-05-28,Taiwan,Basic,msmall@yahoo.com,54,Female
brown1629355476224,brownjohn,1625153772,20210701,2021-07-01,South Korea,Professional,brownjohn@gmail.com,14,Unknown
forti1629355476225,fortiz,1614990299,20210306,2021-03-06,Denmark,Professional,fortiz@gmail.com,34,Unknown
vwhit1629355476226,vwhitney,1623083218,20210607,2021-06-07,United Arab Emirates,Basic,vwhitney@gmail.com,34,Female
rchan1629355476227,rchaney,1620979651,20210514,2021-05-14,Singapore,Basic,rchaney@gmail.com,60,Male
edwar1629355476228,edwardssonya,1625939611,20210711,2021-07-11,Sweden,Professional,edwardssonya@gmail.com,51,Female
dcole1629355476229,dcole,1623929894,20210617,2021-06-17,United Kingdom,Basic,dcole@hotmail.com,44,Female
allen1629355476230,allenmatthew,1620188411,20210505,2021-05-05,United States,Professional,allenmatthew@hotmail.com,54,Female
gonza1629355476231,gonzaleslynn,1625430659,20210705,2021-07-05,New Zealand,Basic,gonzaleslynn@gmail.com,49,Female
benja1629355476232,benjaminsmith,1627004528,20210723,2021-07-23,Germany,Basic,benjaminsmith@hotmail.com,44,Female
krist1629355476233,kristenharrell,1623771344,20210615,2021-06-15,Singapore,Basic,kristenharrell@yahoo.com,40,Unknown
tatej1629355476234,tatejacob,1620014220,20210503,2021-05-03,South Africa,Basic,tatejacob@gmail.com,25,Unknown
decke1629355476235,deckerwendy,1613869246,20210221,2021-02-21,Japan,Basic,deckerwendy@yahoo.com,32,Female
cthom1629355476236,cthomas,1626797856,20210720,2021-07-20,Ireland,Basic,cthomas@hotmail.com,60,Female
brook1629355476237,brooke91,1627270996,20210726,2021-07-26,Hong Kong,Basic,brooke91@hotmail.com,58,Unknown
jenni1629355476238,jennifer79,1626305924,20210715,2021-07-15,United Kingdom,Professional,jennifer79@yahoo.com,32,Unknown
judit1629355476239,judithlopez,1620238753,20210506,2021-05-06,New Zealand,Basic,judithlopez@yahoo.com,55,Female
trevi1629355476240,trevinoangela,1611427954,20210124,2021-01-24,South Africa,Professional,trevinoangela@hotmail.com,43,Male
rowej1629355476241,rowejoseph,1625923553,20210710,2021-07-10,South Korea,Basic,rowejoseph@yahoo.com,30,Unknown
quinn1629355476242,quinnmark,1625410358,20210704,2021-07-04,France,Basic,quinnmark@hotmail.com,45,Unknown
torre1629355476243,torresjulie,1628661674,20210811,2021-08-11,China,Basic,torresjulie@hotmail.com,54,Male
gkell1629355476244,gkelly,1621018630,20210515,2021-05-15,Germany,Basic,gkelly@yahoo.com,39,Female
dawnm1629355476245,dawnmorales,1626732951,20210720,2021-07-20,South Korea,Basic,dawnmorales@gmail.com,27,Male
cassa1629355476246,cassandraharrison,1622204126,20210528,2021-05-28,France,Basic,cassandraharrison@yahoo.com,38,Unknown
kelly1629355476247,kelly59,1623065389,20210607,2021-06-07,China,Basic,kelly59@yahoo.com,49,Unknown
khoga1629355476248,khogan,1620340154,20210507,2021-05-07,Sweden,Basic,khogan@yahoo.com,25,Male
washi1629355476249,washingtonlynn,1609895752,20210106,2021-01-06,South Africa,Professional,washingtonlynn@hotmail.com,46,Female
eliza1629355476250,elizabethwade,1617041354,20210330,2021-03-30,Germany,Basic,elizabethwade@gmail.com,40,Unknown
hmcma1629355476251,hmcmahon,1623522987,20210613,2021-06-13,Denmark,Basic,hmcmahon@hotmail.com,14,Unknown
clayt1629355476252,claytonfields,1615021635,20210306,2021-03-06,United States,Basic,claytonfields@gmail.com,14,Unknown
jeffr1629355476253,jeffrey52,1621402144,20210519,2021-05-19,France,Professional,jeffrey52@hotmail.com,14,Female
rober1629355476254,robert88,1619921607,20210502,2021-05-02,South Africa,Professional,robert88@gmail.com,33,Unknown
baker1629355476255,bakerlori,1610178555,20210109,2021-01-09,South Africa,Professional,bakerlori@yahoo.com,58,Male
rothb1629355476256,rothbrian,1620138969,20210504,2021-05-04,Singapore,Professional,rothbrian@yahoo.com,35,Male
tjack1629355476257,tjackson,1621018625,20210515,2021-05-15,Norway,Basic,tjackson@gmail.com,27,Male
moore1629355476258,moorewilliam,1618480788,20210415,2021-04-15,China,Basic,moorewilliam@gmail.com,47,Male
daisy1629355476259,daisy48,1611914134,20210129,2021-01-29,Canada,Basic,daisy48@hotmail.com,40,Female
stacy1629355476260,stacyryan,1625036044,20210630,2021-06-30,Norway,Basic,stacyryan@gmail.com,24,Unknown
danie1629355476261,danielcurtis,1615246706,20210309,2021-03-09,United States,Professional,danielcurtis@yahoo.com,20,Male
bryan1629355476262,bryan86,1622374819,20210530,2021-05-30,Norway,Professional,bryan86@hotmail.com,37,Unknown
ronal1629355476263,ronaldhill,1614555972,20210301,2021-03-01,Japan,Professional,ronaldhill@yahoo.com,19,Male
diane1629355476264,dianewilson,1619728171,20210430,2021-04-30,France,Basic,dianewilson@gmail.com,46,Unknown
sherr1629355476265,sherri42,1627292100,20210726,2021-07-26,Australia,Professional,sherri42@hotmail.com,12,Female
virgi1629355476266,virginia51,1612355186,20210203,2021-02-03,New Zealand,Basic,virginia51@yahoo.com,49,Unknown
herre1629355476267,herreradesiree,1610024670,20210107,2021-01-07,Ireland,Professional,herreradesiree@yahoo.com,35,Female
danie1629355476268,danielwright,1612714627,20210207,2021-02-07,United Arab Emirates,Professional,danielwright@gmail.com,18,Unknown
vhend1629355476269,vhenderson,1627049940,20210723,2021-07-23,Canada,Professional,vhenderson@gmail.com,50,Unknown
mered1629355476270,meredith84,1616737875,20210326,2021-03-26,South Korea,Professional,meredith84@gmail.com,13,Female
sarah1629355476271,sarah99,1620516188,20210509,2021-05-09,United Arab Emirates,Basic,sarah99@yahoo.com,23,Female
xrami1629355476272,xramirez,1617763082,20210407,2021-04-07,Sweden,Basic,xramirez@gmail.com,27,Unknown
jlewi1629355476273,jlewis,1628289941,20210807,2021-08-07,Ireland,Professional,jlewis@yahoo.com,51,Unknown
uroja1629355476274,urojas,1619227567,20210424,2021-04-24,Singapore,Basic,urojas@gmail.com,22,Female
kenne1629355476275,kenneth09,1616508538,20210323,2021-03-23,United Kingdom,Basic,kenneth09@hotmail.com,34,Female
hibar1629355476276,hibarra,1616135596,20210319,2021-03-19,United Arab Emirates,Basic,hibarra@gmail.com,34,Male
robin1629355476277,robinsonmark,1611644807,20210126,2021-01-26,Denmark,Basic,robinsonmark@yahoo.com,48,Male
brand1629355476278,brandi15,1616674260,20210325,2021-03-25,Canada,Professional,brandi15@hotmail.com,19,Female
wendy1629355476279,wendy97,1620249073,20210506,2021-05-06,Japan,Basic,wendy97@gmail.com,22,Male
ljohn1629355476280,ljohnson,1620776810,20210512,2021-05-12,South Korea,Basic,ljohnson@yahoo.com,55,Female
torre1629355476281,torresjordan,1620087332,20210504,2021-05-04,Japan,Professional,torresjordan@gmail.com,22,Male
perez1629355476282,perezjillian,1614135958,20210224,2021-02-24,South Korea,Basic,perezjillian@gmail.com,49,Male
debra1629355476283,debramosley,1620928990,20210514,2021-05-14,Norway,Basic,debramosley@gmail.com,19,Male
qbake1629355476284,qbaker,1620528633,20210509,2021-05-09,Denmark,Basic,qbaker@yahoo.com,33,Unknown
popek1629355476285,popekimberly,1617600558,20210405,2021-04-05,Hong Kong,Professional,popekimberly@hotmail.com,38,Female
ymaci1629355476286,ymacias,1627103274,20210724,2021-07-24,Germany,Professional,ymacias@hotmail.com,28,Male
edwar1629355476287,edwardhernandez,1614766537,20210303,2021-03-03,Germany,Basic,edwardhernandez@yahoo.com,50,Female
willi1629355476288,william23,1624655063,20210626,2021-06-26,Sweden,Basic,william23@hotmail.com,31,Female
ujack1629355476289,ujackson,1616552500,20210324,2021-03-24,Canada,Professional,ujackson@gmail.com,28,Unknown
lewis1629355476290,lewisrachel,1610045633,20210108,2021-01-08,China,Basic,lewisrachel@gmail.com,24,Female
oalle1629355476291,oallen,1613663733,20210218,2021-02-18,South Africa,Professional,oallen@yahoo.com,58,Unknown
mdunc1629355476292,mduncan,1627170055,20210725,2021-07-25,Singapore,Professional,mduncan@hotmail.com,30,Female
frank1629355476293,frankcrawford,1609926895,20210106,2021-01-06,New Zealand,Professional,frankcrawford@gmail.com,20,Male
bhami1629355476294,bhamilton,1619351819,20210425,2021-04-25,France,Professional,bhamilton@yahoo.com,49,Female
jesse1629355476295,jesse20,1618964648,20210421,2021-04-21,Germany,Basic,jesse20@gmail.com,42,Unknown
brook1629355476296,brookecampbell,1627165870,20210725,2021-07-25,Singapore,Professional,brookecampbell@gmail.com,37,Unknown
seant1629355476297,seanthomas,1618991336,20210421,2021-04-21,Sweden,Professional,seanthomas@yahoo.com,31,Female
lauri1629355476298,lauriealvarado,1628093592,20210804,2021-08-04,Switzerland,Professional,lauriealvarado@yahoo.com,51,Female
juan01629355476299,juan02,1619149802,20210423,2021-04-23,Taiwan,Professional,juan02@gmail.com,57,Female
howar1629355476300,howardsarah,1617921432,20210409,2021-04-09,United Kingdom,Professional,howardsarah@yahoo.com,52,Male
vbrya1629355476301,vbryant,1629156953,20210817,2021-08-17,Ireland,Basic,vbryant@yahoo.com,17,Male
mille1629355476302,millerdarren,1625586098,20210706,2021-07-06,Singapore,Basic,millerdarren@hotmail.com,43,Male
cunni1629355476303,cunninghamlaura,1624409459,20210623,2021-06-23,Canada,Professional,cunninghamlaura@hotmail.com,53,Male
patel1629355476304,pateltravis,1626990472,20210723,2021-07-23,Taiwan,Professional,pateltravis@hotmail.com,24,Unknown
danie1629355476305,danielpatterson,1614028234,20210223,2021-02-23,Singapore,Professional,danielpatterson@hotmail.com,59,Female
nguye1629355476306,nguyencameron,1629018192,20210815,2021-08-15,Taiwan,Professional,nguyencameron@gmail.com,19,Male
victo1629355476307,victoriasanders,1626254896,20210714,2021-07-14,Taiwan,Professional,victoriasanders@yahoo.com,25,Male
melis1629355476308,melissa00,1625611467,20210707,2021-07-07,China,Basic,melissa00@yahoo.com,29,Unknown
jenni1629355476309,jenniferfinley,1610238077,20210110,2021-01-10,Taiwan,Professional,jenniferfinley@gmail.com,32,Unknown
kgonz1629355476310,kgonzalez,1611143859,20210120,2021-01-20,Canada,Basic,kgonzalez@yahoo.com,47,Unknown
chris1629355476311,christinewhite,1624830294,20210628,2021-06-28,Denmark,Professional,christinewhite@yahoo.com,41,Male
valer1629355476312,valeriehanson,1620828066,20210512,2021-05-12,South Africa,Professional,valeriehanson@hotmail.com,54,Female
walke1629355476313,walkerspencer,1610059364,20210108,2021-01-08,Canada,Professional,walkerspencer@gmail.com,37,Female
myers1629355476314,myerscharles,1617239813,20210401,2021-04-01,Sweden,Professional,myerscharles@hotmail.com,49,Male
trici1629355476315,tricia08,1627659174,20210730,2021-07-30,Norway,Basic,tricia08@hotmail.com,26,Unknown
kbrow1629355476316,kbrown,1615656881,20210314,2021-03-14,Australia,Professional,kbrown@gmail.com,60,Male
johnt1629355476317,johnterry,1623577211,20210613,2021-06-13,South Korea,Basic,johnterry@hotmail.com,52,Unknown
cassa1629355476318,cassandra69,1621926925,20210525,2021-05-25,China,Professional,cassandra69@hotmail.com,42,Male
richa1629355476319,richardsonwilliam,1618807414,20210419,2021-04-19,Taiwan,Professional,richardsonwilliam@hotmail.com,34,Female
chris1629355476320,christiancarroll,1615656394,20210314,2021-03-14,Sweden,Professional,christiancarroll@yahoo.com,14,Unknown
wsimo1629355476321,wsimon,1612697635,20210207,2021-02-07,Hong Kong,Basic,wsimon@yahoo.com,43,Unknown
mhanc1629355476322,mhancock,1624434078,20210623,2021-06-23,Singapore,Basic,mhancock@hotmail.com,33,Female
sierr1629355476323,sierrahunt,1627810087,20210801,2021-08-01,United States,Professional,sierrahunt@hotmail.com,54,Male
nicol1629355476324,nicole83,1628546146,20210810,2021-08-10,Taiwan,Professional,nicole83@gmail.com,58,Female
vmcmi1629355476325,vmcmillan,1626405548,20210716,2021-07-16,Australia,Professional,vmcmillan@gmail.com,28,Male
alexa1629355476326,alexanderstephanie,1616662903,20210325,2021-03-25,United Arab Emirates,Basic,alexanderstephanie@yahoo.com,14,Female
danie1629355476327,daniel26,1625264491,20210703,2021-07-03,New Zealand,Basic,daniel26@yahoo.com,52,Male
guycr1629355476328,guycrane,1612478882,20210205,2021-02-05,Switzerland,Professional,guycrane@gmail.com,24,Female
james1629355476329,jamesjones,1623550494,20210613,2021-06-13,Ireland,Professional,jamesjones@gmail.com,14,Unknown
oniel1629355476330,onielsen,1612110441,20210131,2021-01-31,China,Basic,onielsen@hotmail.com,41,Male
jones1629355476331,jonesgregory,1627686862,20210731,2021-07-31,United States,Professional,jonesgregory@hotmail.com,50,Male
curti1629355476332,curtisromero,1614350808,20210226,2021-02-26,Germany,Basic,curtisromero@yahoo.com,51,Unknown
fredj1629355476333,fredjohnson,1615349456,20210310,2021-03-10,South Korea,Professional,fredjohnson@yahoo.com,40,Female
alexa1629355476334,alexander11,1614630389,20210302,2021-03-02,Japan,Basic,alexander11@yahoo.com,26,Male
patri1629355476335,patrick30,1619088244,20210422,2021-04-22,Taiwan,Basic,patrick30@gmail.com,15,Male
laura1629355476336,laurabenitez,1614194758,20210225,2021-02-25,Japan,Professional,laurabenitez@yahoo.com,13,Male
april1629355476337,aprilhayden,1613314502,20210214,2021-02-14,Hong Kong,Basic,aprilhayden@yahoo.com,45,Male
james1629355476338,jamesjoseph,1620135739,20210504,2021-05-04,United Kingdom,Basic,jamesjoseph@yahoo.com,36,Female
wheat1629355476339,wheath,1626955361,20210722,2021-07-22,Australia,Basic,wheath@hotmail.com,23,Female
cynth1629355476340,cynthia45,1619503011,20210427,2021-04-27,Canada,Professional,cynthia45@gmail.com,57,Male
booke1629355476341,bookerrebecca,1615321306,20210310,2021-03-10,France,Professional,bookerrebecca@gmail.com,35,Male
nguye1629355476342,nguyendavid,1621255003,20210517,2021-05-17,South Africa,Basic,nguyendavid@yahoo.com,14,Female
wilki1629355476343,wilkinssusan,1628438936,20210808,2021-08-08,South Korea,Basic,wilkinssusan@yahoo.com,47,Male
joan31629355476344,joan38,1628095109,20210804,2021-08-04,Japan,Basic,joan38@yahoo.com,14,Female
patri1629355476345,patriciagregory,1625700945,20210708,2021-07-08,New Zealand,Professional,patriciagregory@gmail.com,18,Male
llawr1629355476346,llawrence,1613368300,20210215,2021-02-15,Norway,Basic,llawrence@yahoo.com,34,Male
tyler1629355476347,tyler03,1625255059,20210703,2021-07-03,New Zealand,Basic,tyler03@hotmail.com,51,Unknown
downs1629355476348,downsfrank,1623969201,20210618,2021-06-18,Taiwan,Professional,downsfrank@yahoo.com,54,Female
wanda1629355476349,wandaberger,1619138189,20210423,2021-04-23,Sweden,Professional,wandaberger@gmail.com,17,Male
kyle51629355476350,kyle55,1618647636,20210417,2021-04-17,France,Professional,kyle55@gmail.com,52,Female
rberg1629355476351,rberg,1614461450,20210228,2021-02-28,United States,Basic,rberg@gmail.com,42,Unknown
miche1629355476352,michellegriffin,1614899566,20210305,2021-03-05,Germany,Basic,michellegriffin@gmail.com,47,Male
thoma1629355476353,thomaslee,1617425180,20210403,2021-04-03,China,Basic,thomaslee@yahoo.com,39,Male
stewa1629355476354,stewartkevin,1612150664,20210201,2021-02-01,New Zealand,Basic,stewartkevin@hotmail.com,55,Male
nlope1629355476355,nlopez,1615680917,20210314,2021-03-14,United Arab Emirates,Professional,nlopez@yahoo.com,59,Unknown
gmay1629355476356,gmay,1620827910,20210512,2021-05-12,Denmark,Basic,gmay@yahoo.com,42,Unknown
shawj1629355476357,shawjoseph,1616488673,20210323,2021-03-23,Norway,Professional,shawjoseph@hotmail.com,31,Female
lynnr1629355476358,lynnrivera,1623191096,20210609,2021-06-09,United Arab Emirates,Basic,lynnrivera@gmail.com,36,Male
vince1629355476359,vincent51,1628045128,20210804,2021-08-04,Switzerland,Basic,vincent51@gmail.com,47,Male
chris1629355476360,christina38,1617716524,20210406,2021-04-06,New Zealand,Professional,christina38@yahoo.com,58,Male
kenne1629355476361,kenneth37,1629088440,20210816,2021-08-16,United States,Professional,kenneth37@yahoo.com,52,Unknown
tsava1629355476362,tsavage,1618839937,20210419,2021-04-19,France,Professional,tsavage@hotmail.com,25,Unknown
watso1629355476363,watsonjesse,1612018903,20210130,2021-01-30,South Korea,Professional,watsonjesse@gmail.com,41,Male
bwill1629355476364,bwilliams,1611445437,20210124,2021-01-24,New Zealand,Basic,bwilliams@yahoo.com,59,Unknown
jacqu1629355476365,jacqueline66,1610823634,20210117,2021-01-17,Ireland,Professional,jacqueline66@gmail.com,42,Male
antho1629355476366,anthonyhill,1623543439,20210613,2021-06-13,South Korea,Professional,anthonyhill@yahoo.com,43,Female
johnm1629355476367,johnmartinez,1624563487,20210625,2021-06-25,Denmark,Basic,johnmartinez@hotmail.com,50,Unknown
thomp1629355476368,thompsonmichael,1626120479,20210713,2021-07-13,Switzerland,Basic,thompsonmichael@yahoo.com,22,Female
jerem1629355476369,jeremy23,1609501006,20210101,2021-01-01,China,Professional,jeremy23@hotmail.com,51,Male
teres1629355476370,teresaholmes,1628373540,20210808,2021-08-08,France,Basic,teresaholmes@gmail.com,14,Male
pmart1629355476371,pmartin,1613063018,20210212,2021-02-12,United Arab Emirates,Professional,pmartin@gmail.com,33,Unknown
gjame1629355476372,gjames,1614772639,20210303,2021-03-03,Canada,Professional,gjames@hotmail.com,45,Male
tina41629355476373,tina41,1624004614,20210618,2021-06-18,South Africa,Basic,tina41@hotmail.com,49,Male
victo1629355476374,victoriayoung,1611971426,20210130,2021-01-30,Taiwan,Basic,victoriayoung@gmail.com,19,Unknown
sheli1629355476375,sheliabrown,1613068052,20210212,2021-02-12,Ireland,Basic,sheliabrown@yahoo.com,45,Male
regin1629355476376,reginald89,1612018183,20210130,2021-01-30,South Korea,Professional,reginald89@gmail.com,45,Female
ianha1629355476377,ianhall,1615515026,20210312,2021-03-12,Germany,Professional,ianhall@gmail.com,56,Male
krist1629355476378,kristina35,1627178974,20210725,2021-07-25,Denmark,Professional,kristina35@gmail.com,31,Male
jesse1629355476379,jesse58,1617954002,20210409,2021-04-09,South Africa,Basic,jesse58@yahoo.com,53,Unknown
chris1629355476380,christina12,1623415378,20210611,2021-06-11,United States,Basic,christina12@hotmail.com,12,Unknown
lgonz1629355476381,lgonzalez,1620387566,20210507,2021-05-07,United Kingdom,Professional,lgonzalez@hotmail.com,34,Female
trodr1629355476382,trodriguez,1628546101,20210810,2021-08-10,Germany,Basic,trodriguez@hotmail.com,45,Unknown
pamel1629355476383,pamela32,1610643555,20210114,2021-01-14,Australia,Basic,pamela32@gmail.com,45,Male
olivi1629355476384,oliviahancock,1610647416,20210115,2021-01-15,Canada,Professional,oliviahancock@hotmail.com,58,Female
shane1629355476385,shane30,1625530882,20210706,2021-07-06,Switzerland,Basic,shane30@gmail.com,21,Unknown
fishe1629355476386,fishermatthew,1613199421,20210213,2021-02-13,United States,Basic,fishermatthew@gmail.com,33,Unknown
zherm1629355476387,zherman,1620469396,20210508,2021-05-08,Hong Kong,Basic,zherman@gmail.com,31,Male
price1629355476388,pricewilliam,1628971942,20210815,2021-08-15,Australia,Basic,pricewilliam@yahoo.com,55,Unknown
kathy1629355476389,kathy78,1627813534,20210801,2021-08-01,Canada,Professional,kathy78@yahoo.com,31,Male
charl1629355476390,charlottesmith,1610102600,20210108,2021-01-08,Germany,Professional,charlottesmith@hotmail.com,42,Unknown
julie1629355476391,julie52,1624745037,20210627,2021-06-27,Singapore,Professional,julie52@gmail.com,27,Male
kayla1629355476392,kayla48,1629027146,20210815,2021-08-15,Denmark,Basic,kayla48@gmail.com,38,Female
galva1629355476393,galvanangela,1624950573,20210629,2021-06-29,United Kingdom,Professional,galvanangela@gmail.com,42,Male
parks1629355476394,parksstephanie,1620917189,20210513,2021-05-13,Singapore,Basic,parksstephanie@gmail.com,48,Male
esmit1629355476395,esmith,1614634451,20210302,2021-03-02,Norway,Professional,esmith@hotmail.com,52,Female
steph1629355476396,stephaniefarley,1625626751,20210707,2021-07-07,Sweden,Basic,stephaniefarley@hotmail.com,17,Unknown
gates1629355476397,gatesmike,1618218022,20210412,2021-04-12,Sweden,Professional,gatesmike@hotmail.com,51,Female
carol1629355476398,carol38,1614331939,20210226,2021-02-26,Switzerland,Professional,carol38@gmail.com,38,Unknown
fpark1629355476399,fparker,1619855756,20210501,2021-05-01,France,Professional,fparker@gmail.com,23,Female
jesus1629355476400,jesusroberts,1621522257,20210520,2021-05-20,United Kingdom,Basic,jesusroberts@hotmail.com,29,Female
zwolf1629355476401,zwolf,1610042079,20210108,2021-01-08,Australia,Professional,zwolf@hotmail.com,36,Unknown
canno1629355476402,cannonlisa,1622986282,20210606,2021-06-06,Norway,Basic,cannonlisa@gmail.com,44,Male
juare1629355476403,juarezsamantha,1617127930,20210331,2021-03-31,South Korea,Professional,juarezsamantha@yahoo.com,52,Female
ystua1629355476404,ystuart,1619979475,20210503,2021-05-03,Sweden,Basic,ystuart@yahoo.com,48,Female
jon571629355476405,jon57,1613390769,20210215,2021-02-15,United Arab Emirates,Basic,jon57@gmail.com,32,Unknown
brian1629355476406,brianrichardson,1621788723,20210523,2021-05-23,Sweden,Basic,brianrichardson@yahoo.com,33,Unknown
rober1629355476407,robertscharles,1618127955,20210411,2021-04-11,Sweden,Professional,robertscharles@gmail.com,50,Male
aguil1629355476408,aguilarmark,1627362408,20210727,2021-07-27,Taiwan,Basic,aguilarmark@hotmail.com,35,Male
shann1629355476409,shannontammie,1610042828,20210108,2021-01-08,China,Basic,shannontammie@yahoo.com,45,Unknown
kjone1629355476410,kjones,1618186056,20210412,2021-04-12,Germany,Basic,kjones@yahoo.com,53,Unknown
stone1629355476411,stonescott,1613330818,20210215,2021-02-15,Germany,Professional,stonescott@yahoo.com,20,Unknown
harri1629355476412,harringtonpamela,1617867283,20210408,2021-04-08,Ireland,Professional,harringtonpamela@hotmail.com,45,Unknown
xbond1629355476413,xbond,1622224690,20210529,2021-05-29,Sweden,Professional,xbond@yahoo.com,53,Male
james1629355476414,james61,1614307523,20210226,2021-02-26,Australia,Basic,james61@gmail.com,12,Male
andre1629355476415,andrewtrevino,1615039458,20210306,2021-03-06,France,Professional,andrewtrevino@yahoo.com,23,Unknown
mary01629355476416,mary03,1627289962,20210726,2021-07-26,Sweden,Professional,mary03@hotmail.com,41,Female
vanes1629355476417,vanessanelson,1623782186,20210616,2021-06-16,Sweden,Basic,vanessanelson@gmail.com,24,Male
josep1629355476418,josephrodgers,1620873455,20210513,2021-05-13,South Africa,Basic,josephrodgers@gmail.com,39,Unknown
carme1629355476419,carmenaguilar,1629125567,20210816,2021-08-16,Switzerland,Basic,carmenaguilar@gmail.com,34,Unknown
chris1629355476420,christopher79,1623975977,20210618,2021-06-18,United Arab Emirates,Professional,christopher79@hotmail.com,13,Unknown
debor1629355476421,deborah16,1626350074,20210715,2021-07-15,South Africa,Basic,deborah16@yahoo.com,37,Unknown
jones1629355476422,joneskent,1617677124,20210406,2021-04-06,United Arab Emirates,Basic,joneskent@hotmail.com,24,Male
georg1629355476423,georgelopez,1625003634,20210630,2021-06-30,Canada,Basic,georgelopez@yahoo.com,41,Male
danie1629355476424,danielfox,1611467026,20210124,2021-01-24,France,Professional,danielfox@gmail.com,32,Female
kjohn1629355476425,kjohnson,1622619344,20210602,2021-06-02,Switzerland,Professional,kjohnson@gmail.com,59,Female
river1629355476426,riveradanielle,1617525046,20210404,2021-04-04,Canada,Professional,riveradanielle@hotmail.com,43,Unknown
veron1629355476427,veronica79,1610330540,20210111,2021-01-11,Hong Kong,Basic,veronica79@hotmail.com,13,Unknown
sarah1629355476428,sarahmckinney,1625553789,20210706,2021-07-06,New Zealand,Professional,sarahmckinney@hotmail.com,31,Unknown
hobbs1629355476429,hobbsmichael,1616391864,20210322,2021-03-22,Japan,Basic,hobbsmichael@hotmail.com,39,Female
gsanc1629355476430,gsanchez,1628221163,20210806,2021-08-06,United States,Professional,gsanchez@hotmail.com,37,Unknown
sarah1629355476431,sarah79,1622399806,20210531,2021-05-31,Singapore,Professional,sarah79@yahoo.com,55,Female
louis1629355476432,louisjohnson,1621896159,20210525,2021-05-25,Sweden,Basic,louisjohnson@yahoo.com,37,Female
fordk1629355476433,fordkent,1611286765,20210122,2021-01-22,Japan,Basic,fordkent@yahoo.com,19,Unknown
tanya1629355476434,tanya31,1629079899,20210816,2021-08-16,Switzerland,Professional,tanya31@yahoo.com,17,Unknown
nward1629355476435,nward,1614312164,20210226,2021-02-26,United States,Professional,nward@yahoo.com,34,Unknown
henry1629355476436,henry99,1610593448,20210114,2021-01-14,Ireland,Basic,henry99@gmail.com,16,Male
walte1629355476437,walter19,1624019329,20210618,2021-06-18,Denmark,Basic,walter19@yahoo.com,28,Unknown
micha1629355476438,michael09,1628936615,20210814,2021-08-14,Denmark,Professional,michael09@yahoo.com,40,Unknown
fadam1629355476439,fadams,1615044227,20210306,2021-03-06,Taiwan,Professional,fadams@gmail.com,57,Unknown
flore1629355476440,floreswendy,1621530815,20210521,2021-05-21,Denmark,Professional,floreswendy@yahoo.com,53,Female
sesco1629355476441,sescobar,1610732249,20210116,2021-01-16,Denmark,Professional,sescobar@hotmail.com,16,Male
xcarl1629355476442,xcarlson,1609619199,20210103,2021-01-03,Australia,Professional,xcarlson@hotmail.com,35,Male
suare1629355476443,suarezsarah,1616753144,20210326,2021-03-26,United Kingdom,Basic,suarezsarah@gmail.com,14,Female
emily1629355476444,emily93,1615011316,20210306,2021-03-06,China,Professional,emily93@gmail.com,23,Male
eliza1629355476445,elizabethgrant,1621693186,20210522,2021-05-22,France,Professional,elizabethgrant@gmail.com,57,Male
taylo1629355476446,taylorcastillo,1610450358,20210112,2021-01-12,United States,Professional,taylorcastillo@yahoo.com,23,Male
aaron1629355476447,aaron19,1614305004,20210226,2021-02-26,Taiwan,Basic,aaron19@gmail.com,15,Unknown
lisar1629355476448,lisaross,1628783841,20210812,2021-08-12,Denmark,Professional,lisaross@gmail.com,43,Female
frive1629355476449,frivera,1614031594,20210223,2021-02-23,Germany,Professional,frivera@yahoo.com,20,Unknown
leona1629355476450,leonardwalker,1618936424,20210420,2021-04-20,Hong Kong,Professional,leonardwalker@yahoo.com,23,Unknown
sowen1629355476451,sowens,1616338191,20210321,2021-03-21,Germany,Basic,sowens@hotmail.com,17,Female
evans1629355476452,evansanna,1621025716,20210515,2021-05-15,United States,Basic,evansanna@hotmail.com,58,Female
wolfe1629355476453,wolfepamela,1615157651,20210308,2021-03-08,France,Professional,wolfepamela@yahoo.com,18,Unknown
rebec1629355476454,rebecca75,1614539928,20210301,2021-03-01,South Africa,Basic,rebecca75@gmail.com,59,Unknown
watso1629355476455,watsonkaren,1616902960,20210328,2021-03-28,South Korea,Basic,watsonkaren@hotmail.com,27,Female
rayme1629355476456,raymelissa,1610894610,20210117,2021-01-17,United Arab Emirates,Professional,raymelissa@hotmail.com,29,Male
barne1629355476457,barneslaura,1612463460,20210205,2021-02-05,Australia,Basic,barneslaura@hotmail.com,48,Unknown
snyde1629355476458,snydercharles,1627964578,20210803,2021-08-03,France,Basic,snydercharles@hotmail.com,44,Female
snobl1629355476459,snoble,1626183581,20210713,2021-07-13,Denmark,Basic,snoble@hotmail.com,20,Male
john91629355476460,john94,1612416538,20210204,2021-02-04,South Africa,Professional,john94@hotmail.com,60,Female
ruizi1629355476461,ruizisabella,1615159685,20210308,2021-03-08,France,Basic,ruizisabella@hotmail.com,21,Female
susan1629355476462,susanwilliams,1621569381,20210521,2021-05-21,South Korea,Basic,susanwilliams@gmail.com,46,Unknown
ramos1629355476463,ramosmegan,1619383067,20210426,2021-04-26,Japan,Basic,ramosmegan@hotmail.com,18,Male
todda1629355476464,toddamber,1626229083,20210714,2021-07-14,Ireland,Basic,toddamber@hotmail.com,39,Female
bobby1629355476465,bobbybryan,1610432071,20210112,2021-01-12,Canada,Professional,bobbybryan@gmail.com,60,Male
oflor1629355476466,oflores,1615028259,20210306,2021-03-06,Sweden,Professional,oflores@hotmail.com,24,Male
krist1629355476467,kristiereed,1611462180,20210124,2021-01-24,Taiwan,Basic,kristiereed@hotmail.com,37,Male
hhart1629355476468,hhartman,1627366428,20210727,2021-07-27,Sweden,Professional,hhartman@gmail.com,24,Male
usmit1629355476469,usmith,1618831450,20210419,2021-04-19,Switzerland,Professional,usmith@hotmail.com,35,Female
brand1629355476470,brandon79,1621444239,20210520,2021-05-20,Denmark,Basic,brandon79@gmail.com,23,Unknown
tgeor1629355476471,tgeorge,1623113794,20210608,2021-06-08,Hong Kong,Basic,tgeorge@gmail.com,57,Unknown
sarah1629355476472,sarah85,1614152902,20210224,2021-02-24,United States,Basic,sarah85@gmail.com,55,Unknown
wnels1629355476473,wnelson,1622671267,20210603,2021-06-03,China,Basic,wnelson@hotmail.com,19,Unknown
bridg1629355476474,bridget48,1619598691,20210428,2021-04-28,Japan,Basic,bridget48@yahoo.com,13,Unknown
walke1629355476475,walkereugene,1617576421,20210405,2021-04-05,New Zealand,Basic,walkereugene@yahoo.com,40,Unknown
chris1629355476476,christopher81,1609666396,20210103,2021-01-03,Hong Kong,Basic,christopher81@yahoo.com,47,Unknown
mille1629355476477,millerevan,1627552184,20210729,2021-07-29,Japan,Basic,millerevan@yahoo.com,32,Female
willi1629355476478,willislisa,1626916920,20210722,2021-07-22,Norway,Basic,willislisa@gmail.com,34,Male
hubba1629355476479,hubbardsamantha,1616569749,20210324,2021-03-24,France,Basic,hubbardsamantha@hotmail.com,54,Female
unguy1629355476480,unguyen,1624818231,20210628,2021-06-28,Canada,Basic,unguyen@yahoo.com,35,Unknown
xnels1629355476481,xnelson,1620240057,20210506,2021-05-06,Taiwan,Basic,xnelson@gmail.com,16,Unknown
hartm1629355476482,hartmanjeffrey,1609717772,20210104,2021-01-04,South Korea,Professional,hartmanjeffrey@hotmail.com,22,Male
hallj1629355476483,halljennifer,1613370005,20210215,2021-02-15,France,Professional,halljennifer@yahoo.com,30,Female
krist1629355476484,kristopher69,1619163760,20210423,2021-04-23,Hong Kong,Basic,kristopher69@yahoo.com,30,Unknown
wised1629355476485,wisedavid,1621204653,20210517,2021-05-17,Ireland,Basic,wisedavid@yahoo.com,42,Unknown
chris1629355476486,christina40,1615623396,20210313,2021-03-13,Japan,Professional,christina40@gmail.com,57,Unknown
wmayn1629355476487,wmaynard,1628740442,20210812,2021-08-12,Sweden,Professional,wmaynard@hotmail.com,54,Male
steph1629355476488,stephensrobert,1626115993,20210713,2021-07-13,China,Basic,stephensrobert@yahoo.com,58,Female
jcook1629355476489,jcook,1614649276,20210302,2021-03-02,United Arab Emirates,Basic,jcook@hotmail.com,20,Unknown
ekenn1629355476490,ekennedy,1620634995,20210510,2021-05-10,China,Basic,ekennedy@hotmail.com,47,Female
annet1629355476491,annette13,1619668810,20210429,2021-04-29,United Kingdom,Professional,annette13@hotmail.com,39,Unknown
field1629355476492,fieldstina,1616580557,20210324,2021-03-24,Norway,Basic,fieldstina@hotmail.com,34,Unknown
paul81629355476493,paul81,1618541366,20210416,2021-04-16,Taiwan,Basic,paul81@yahoo.com,32,Female
kathy1629355476494,kathymurphy,1609911604,20210106,2021-01-06,China,Basic,kathymurphy@gmail.com,39,Male
bhurs1629355476495,bhurst,1611562683,20210125,2021-01-25,Switzerland,Basic,bhurst@yahoo.com,43,Male
gscot1629355476496,gscott,1629308945,20210819,2021-08-19,Norway,Basic,gscott@gmail.com,53,Female
james1629355476497,jameshayden,1616928756,20210328,2021-03-28,United States,Basic,jameshayden@gmail.com,29,Female
ashle1629355476498,ashleystacie,1618146172,20210411,2021-04-11,South Korea,Professional,ashleystacie@hotmail.com,13,Unknown
warne1629355476499,warnerveronica,1628336015,20210807,2021-08-07,Canada,Professional,warnerveronica@hotmail.com,41,Unknown
jorda1629355476500,jordan35,1616296396,20210321,2021-03-21,Denmark,Basic,jordan35@gmail.com,57,Female
johns1629355476501,johnstonkyle,1618062794,20210410,2021-04-10,Germany,Basic,johnstonkyle@hotmail.com,53,Unknown
wreyn1629355476502,wreynolds,1621809402,20210524,2021-05-24,Sweden,Basic,wreynolds@yahoo.com,12,Female
roydu1629355476503,roydudley,1620365731,20210507,2021-05-07,Hong Kong,Basic,roydudley@yahoo.com,44,Male
casti1629355476504,castillosusan,1624222339,20210621,2021-06-21,China,Professional,castillosusan@hotmail.com,13,Unknown
xnava1629355476505,xnavarro,1626766540,20210720,2021-07-20,France,Professional,xnavarro@gmail.com,55,Male
sclar1629355476506,sclark,1623579773,20210613,2021-06-13,Switzerland,Basic,sclark@gmail.com,23,Unknown
turne1629355476507,turnerstephanie,1623564458,20210613,2021-06-13,China,Basic,turnerstephanie@yahoo.com,46,Female
colto1629355476508,colton90,1620049353,20210503,2021-05-03,Sweden,Professional,colton90@hotmail.com,39,Male
garre1629355476509,garrett12,1616770546,20210326,2021-03-26,Switzerland,Professional,garrett12@yahoo.com,32,Male
vweav1629355476510,vweaver,1616356000,20210322,2021-03-22,Singapore,Basic,vweaver@yahoo.com,35,Male
hendr1629355476511,hendrickserin,1614172453,20210224,2021-02-24,Switzerland,Professional,hendrickserin@hotmail.com,14,Female
maria1629355476512,maria21,1622411675,20210531,2021-05-31,Hong Kong,Professional,maria21@gmail.com,23,Unknown
chris1629355476513,christysmith,1614123213,20210224,2021-02-24,Germany,Basic,christysmith@gmail.com,27,Male
annab1629355476514,annabennett,1617020261,20210329,2021-03-29,Sweden,Basic,annabennett@hotmail.com,16,Unknown
aweav1629355476515,aweaver,1624207353,20210620,2021-06-20,United Kingdom,Basic,aweaver@yahoo.com,50,Male
wlaws1629355476516,wlawson,1619246331,20210424,2021-04-24,Australia,Basic,wlawson@yahoo.com,13,Female
gilmo1629355476517,gilmoremitchell,1619063724,20210422,2021-04-22,South Korea,Basic,gilmoremitchell@yahoo.com,54,Male
johnm1629355476518,johnmarquez,1625972647,20210711,2021-07-11,Denmark,Basic,johnmarquez@yahoo.com,48,Female
court1629355476519,courtney05,1615364265,20210310,2021-03-10,Japan,Professional,courtney05@yahoo.com,23,Female
laure1629355476520,lauren11,1619674760,20210429,2021-04-29,United States,Basic,lauren11@gmail.com,41,Male
meyer1629355476521,meyertimothy,1621264037,20210517,2021-05-17,China,Professional,meyertimothy@gmail.com,23,Male
brian1629355476522,brian06,1621854333,20210524,2021-05-24,Taiwan,Professional,brian06@gmail.com,27,Male
tyler1629355476523,tylerholden,1620998669,20210514,2021-05-14,Germany,Professional,tylerholden@gmail.com,49,Female
marym1629355476524,marymeyer,1617379987,20210402,2021-04-02,United States,Professional,marymeyer@hotmail.com,30,Female
jenni1629355476525,jennifer77,1622512123,20210601,2021-06-01,United Arab Emirates,Basic,jennifer77@yahoo.com,34,Unknown
shell1629355476526,shelley64,1626779056,20210720,2021-07-20,Denmark,Professional,shelley64@hotmail.com,16,Unknown
svill1629355476527,svillanueva,1619667815,20210429,2021-04-29,Denmark,Basic,svillanueva@hotmail.com,59,Male
gomez1629355476528,gomezmelissa,1627342058,20210727,2021-07-27,Sweden,Basic,gomezmelissa@hotmail.com,42,Female
rober1629355476529,robert82,1610314789,20210111,2021-01-11,Ireland,Basic,robert82@yahoo.com,17,Female
peter1629355476530,peter12,1625125874,20210701,2021-07-01,Singapore,Professional,peter12@hotmail.com,33,Male
parks1629355476531,parksrobert,1629159978,20210817,2021-08-17,United Arab Emirates,Professional,parksrobert@yahoo.com,25,Unknown
qgarr1629355476532,qgarrett,1622825608,20210604,2021-06-04,South Africa,Professional,qgarrett@hotmail.com,34,Male
linds1629355476533,lindseyhunt,1614186433,20210225,2021-02-25,Singapore,Professional,lindseyhunt@gmail.com,26,Unknown
rober1629355476534,robert89,1611186209,20210121,2021-01-21,Hong Kong,Basic,robert89@hotmail.com,16,Female
scott1629355476535,scottjackson,1623802816,20210616,2021-06-16,Singapore,Basic,scottjackson@yahoo.com,20,Female
kbeni1629355476536,kbenitez,1611524302,20210125,2021-01-25,Switzerland,Professional,kbenitez@yahoo.com,20,Female
joelw1629355476537,joelwolf,1612013822,20210130,2021-01-30,China,Basic,joelwolf@yahoo.com,52,Female
matth1629355476538,matthewgilbert,1623613452,20210614,2021-06-14,Taiwan,Basic,matthewgilbert@yahoo.com,34,Unknown
belin1629355476539,belindabradley,1617336114,20210402,2021-04-02,Japan,Professional,belindabradley@gmail.com,59,Female
yjone1629355476540,yjones,1614459985,20210228,2021-02-28,Hong Kong,Basic,yjones@hotmail.com,23,Unknown
phame1629355476541,phameric,1626838326,20210721,2021-07-21,South Africa,Professional,phameric@hotmail.com,39,Female
diana1629355476542,dianasavage,1613331739,20210215,2021-02-15,Norway,Professional,dianasavage@yahoo.com,32,Male
brook1629355476543,brookepoole,1623124440,20210608,2021-06-08,Switzerland,Basic,brookepoole@gmail.com,21,Unknown
saman1629355476544,samantha08,1622115083,20210527,2021-05-27,Germany,Basic,samantha08@hotmail.com,20,Unknown
jose21629355476545,jose29,1622811321,20210604,2021-06-04,Taiwan,Professional,jose29@yahoo.com,25,Unknown
kimbe1629355476546,kimberly55,1628361448,20210808,2021-08-08,Sweden,Professional,kimberly55@yahoo.com,58,Female
bruss1629355476547,brussell,1610016740,20210107,2021-01-07,Canada,Basic,brussell@gmail.com,39,Unknown
samue1629355476548,samuelwhite,1611822124,20210128,2021-01-28,United States,Professional,samuelwhite@hotmail.com,50,Male
ryanp1629355476549,ryanpeterson,1611154082,20210120,2021-01-20,Ireland,Professional,ryanpeterson@yahoo.com,54,Female
ander1629355476550,andersondavid,1625730160,20210708,2021-07-08,Germany,Basic,andersondavid@gmail.com,40,Male
spear1629355476551,spearsjoshua,1621444566,20210520,2021-05-20,Norway,Basic,spearsjoshua@gmail.com,16,Female
eliza1629355476552,elizabethyoung,1613751951,20210219,2021-02-19,Hong Kong,Basic,elizabethyoung@hotmail.com,36,Female
mbara1629355476553,mbarajas,1619779913,20210430,2021-04-30,South Korea,Basic,mbarajas@hotmail.com,18,Unknown
april1629355476554,apriledwards,1611986802,20210130,2021-01-30,Canada,Professional,apriledwards@gmail.com,12,Female
dmann1629355476555,dmanning,1626420792,20210716,2021-07-16,Sweden,Basic,dmanning@gmail.com,49,Male
barne1629355476556,barnesjason,1619041870,20210422,2021-04-22,Australia,Basic,barnesjason@yahoo.com,38,Female
walke1629355476557,walkerlawrence,1615039633,20210306,2021-03-06,United Arab Emirates,Basic,walkerlawrence@gmail.com,37,Male
saund1629355476558,saundersjohn,1618567443,20210416,2021-04-16,South Korea,Professional,saundersjohn@gmail.com,22,Female
eric31629355476559,eric30,1613489233,20210216,2021-02-16,Switzerland,Basic,eric30@gmail.com,27,Unknown
cryst1629355476560,crystal59,1628009978,20210803,2021-08-03,Ireland,Professional,crystal59@gmail.com,14,Unknown
heath1629355476561,heatherbutler,1625900821,20210710,2021-07-10,China,Professional,heatherbutler@gmail.com,29,Unknown
colle1629355476562,colleenoconnor,1613693328,20210219,2021-02-19,Australia,Professional,colleenoconnor@yahoo.com,42,Unknown
david1629355476563,david45,1613930179,20210222,2021-02-22,Norway,Professional,david45@yahoo.com,37,Female
dbrow1629355476564,dbrown,1628396012,20210808,2021-08-08,Taiwan,Basic,dbrown@gmail.com,44,Female
jgonz1629355476565,jgonzalez,1617197235,20210331,2021-03-31,New Zealand,Basic,jgonzalez@yahoo.com,34,Male
kelly1629355476566,kelly91,1616457912,20210323,2021-03-23,Switzerland,Basic,kelly91@yahoo.com,25,Male
qcraw1629355476567,qcrawford,1625113265,20210701,2021-07-01,Ireland,Basic,qcrawford@yahoo.com,16,Female
flore1629355476568,floresbianca,1617913489,20210409,2021-04-09,Norway,Professional,floresbianca@yahoo.com,13,Unknown
smith1629355476569,smithmiranda,1611586857,20210125,2021-01-25,South Korea,Professional,smithmiranda@yahoo.com,30,Unknown
ismit1629355476570,ismith,1628157317,20210805,2021-08-05,Ireland,Basic,ismith@hotmail.com,43,Female
penaj1629355476571,penajames,1620530239,20210509,2021-05-09,South Africa,Basic,penajames@gmail.com,45,Female
david1629355476572,davidrich,1619492646,20210427,2021-04-27,United Arab Emirates,Basic,davidrich@yahoo.com,34,Female
willi1629355476573,williamstyrone,1622486824,20210601,2021-06-01,New Zealand,Professional,williamstyrone@hotmail.com,42,Female
camer1629355476574,cameronpatrick,1611527414,20210125,2021-01-25,South Korea,Professional,cameronpatrick@hotmail.com,57,Unknown
phili1629355476575,philip36,1623455640,20210612,2021-06-12,United Arab Emirates,Professional,philip36@yahoo.com,58,Female
laure1629355476576,lauren15,1619124918,20210423,2021-04-23,New Zealand,Professional,lauren15@hotmail.com,39,Female
frobi1629355476577,frobinson,1618792128,20210419,2021-04-19,New Zealand,Professional,frobinson@gmail.com,14,Male
micha1629355476578,michael05,1626981548,20210723,2021-07-23,Switzerland,Basic,michael05@hotmail.com,48,Male
elars1629355476579,elarson,1614667230,20210302,2021-03-02,Germany,Professional,elarson@hotmail.com,39,Male
ibarr1629355476580,ibarrett,1617714798,20210406,2021-04-06,Norway,Professional,ibarrett@yahoo.com,47,Unknown
charl1629355476581,charleslarsen,1616117968,20210319,2021-03-19,Sweden,Basic,charleslarsen@gmail.com,14,Female
kyle81629355476582,kyle89,1628555199,20210810,2021-08-10,Hong Kong,Professional,kyle89@gmail.com,19,Female
franc1629355476583,francisanthony,1624011711,20210618,2021-06-18,Germany,Basic,francisanthony@gmail.com,53,Male
matth1629355476584,matthew90,1624981047,20210629,2021-06-29,United Arab Emirates,Basic,matthew90@yahoo.com,23,Male
ohend1629355476585,ohenderson,1628973539,20210815,2021-08-15,United States,Professional,ohenderson@yahoo.com,30,Male
timot1629355476586,timothylogan,1616808814,20210327,2021-03-27,Taiwan,Basic,timothylogan@yahoo.com,27,Unknown
lrodr1629355476587,lrodriguez,1628069587,20210804,2021-08-04,Denmark,Basic,lrodriguez@gmail.com,31,Female
jason1629355476588,jasonwatkins,1613715539,20210219,2021-02-19,Sweden,Basic,jasonwatkins@gmail.com,43,Unknown
xbell1629355476589,xbell,1616179640,20210320,2021-03-20,Hong Kong,Professional,xbell@yahoo.com,27,Male
cabre1629355476590,cabrerajoshua,1620696926,20210511,2021-05-11,Denmark,Professional,cabrerajoshua@yahoo.com,45,Male
debor1629355476591,deborahturner,1609676177,20210103,2021-01-03,South Korea,Basic,deborahturner@yahoo.com,46,Unknown
johng1629355476592,johnguerrero,1618643059,20210417,2021-04-17,Denmark,Basic,johnguerrero@gmail.com,15,Unknown
falex1629355476593,falexander,1623732277,20210615,2021-06-15,Hong Kong,Professional,falexander@yahoo.com,37,Male
ian001629355476594,ian00,1624625192,20210625,2021-06-25,Japan,Professional,ian00@yahoo.com,56,Unknown
kaitl1629355476595,kaitlincook,1615296407,20210309,2021-03-09,Japan,Professional,kaitlincook@hotmail.com,47,Unknown
hayes1629355476596,hayeschad,1610079811,20210108,2021-01-08,Sweden,Professional,hayeschad@gmail.com,35,Male
djame1629355476597,djames,1621695838,20210522,2021-05-22,South Africa,Professional,djames@yahoo.com,57,Male
maure1629355476598,maureenbond,1615088106,20210307,2021-03-07,Japan,Professional,maureenbond@yahoo.com,50,Male
mackt1629355476599,macktaylor,1615370756,20210310,2021-03-10,Australia,Basic,macktaylor@hotmail.com,60,Unknown
camer1629355476600,cameron77,1628325748,20210807,2021-08-07,South Korea,Professional,cameron77@gmail.com,21,Unknown
brett1629355476601,brett52,1614034629,20210223,2021-02-23,United Kingdom,Basic,brett52@yahoo.com,36,Male
eshaw1629355476602,eshaw,1623086154,20210608,2021-06-08,Switzerland,Professional,eshaw@yahoo.com,44,Female
justi1629355476603,justin81,1623414485,20210611,2021-06-11,Sweden,Basic,justin81@hotmail.com,18,Female
bstok1629355476604,bstokes,1625557448,20210706,2021-07-06,Hong Kong,Professional,bstokes@hotmail.com,26,Male
daust1629355476605,daustin,1611877660,20210129,2021-01-29,United Arab Emirates,Basic,daustin@yahoo.com,48,Unknown
wdelg1629355476606,wdelgado,1627561504,20210729,2021-07-29,Ireland,Professional,wdelgado@gmail.com,42,Male
julie1629355476607,juliecallahan,1629083149,20210816,2021-08-16,Germany,Basic,juliecallahan@hotmail.com,25,Female
cglen1629355476608,cglenn,1618462389,20210415,2021-04-15,Japan,Basic,cglenn@gmail.com,35,Female
johns1629355476609,johnsonalec,1610856797,20210117,2021-01-17,Switzerland,Professional,johnsonalec@yahoo.com,41,Female
hwhit1629355476610,hwhite,1609622119,20210103,2021-01-03,China,Basic,hwhite@yahoo.com,42,Unknown
jerem1629355476611,jeremiahmeadows,1620221237,20210505,2021-05-05,United States,Basic,jeremiahmeadows@yahoo.com,58,Female
shawn1629355476612,shawnobrien,1619003932,20210421,2021-04-21,Australia,Professional,shawnobrien@gmail.com,55,Male
danie1629355476613,daniel48,1618501680,20210415,2021-04-15,China,Basic,daniel48@hotmail.com,41,Unknown
jesse1629355476614,jesserodgers,1615686582,20210314,2021-03-14,Singapore,Professional,jesserodgers@hotmail.com,20,Unknown
baile1629355476615,baileymelissa,1629319020,20210819,2021-08-19,South Africa,Basic,baileymelissa@hotmail.com,16,Unknown
schen1629355476616,schen,1609962900,20210107,2021-01-07,Japan,Professional,schen@yahoo.com,13,Female
pagej1629355476617,pagejoseph,1620174327,20210505,2021-05-05,Singapore,Professional,pagejoseph@gmail.com,30,Female
josep1629355476618,joseph99,1621758895,20210523,2021-05-23,Switzerland,Basic,joseph99@hotmail.com,26,Unknown
kevin1629355476619,kevin64,1612448618,20210204,2021-02-04,New Zealand,Professional,kevin64@gmail.com,36,Female
mbarb1629355476620,mbarber,1613957421,20210222,2021-02-22,Hong Kong,Professional,mbarber@yahoo.com,51,Unknown
wells1629355476621,wellsjonathan,1613279372,20210214,2021-02-14,Sweden,Professional,wellsjonathan@hotmail.com,22,Female
matth1629355476622,matthewgomez,1612842235,20210209,2021-02-09,China,Professional,matthewgomez@hotmail.com,37,Unknown
lucas1629355476623,lucaswilliams,1620175105,20210505,2021-05-05,Switzerland,Professional,lucaswilliams@yahoo.com,21,Male
watki1629355476624,watkinsjustin,1622451096,20210531,2021-05-31,United Arab Emirates,Professional,watkinsjustin@gmail.com,27,Female
scott1629355476625,scottgalloway,1612973364,20210210,2021-02-10,South Africa,Professional,scottgalloway@yahoo.com,14,Female
erin91629355476626,erin99,1622991060,20210606,2021-06-06,United States,Basic,erin99@gmail.com,16,Female
sarah1629355476627,sarah00,1624204194,20210620,2021-06-20,South Africa,Professional,sarah00@hotmail.com,34,Male
schne1629355476628,schneiderjennifer,1618535309,20210416,2021-04-16,South Korea,Professional,schneiderjennifer@hotmail.com,26,Female
cruzc1629355476629,cruzchristopher,1617754501,20210407,2021-04-07,Ireland,Basic,cruzchristopher@gmail.com,60,Female
laura1629355476630,laurasilva,1618381670,20210414,2021-04-14,Singapore,Basic,laurasilva@gmail.com,27,Unknown
hhood1629355476631,hhood,1623368103,20210611,2021-06-11,Canada,Professional,hhood@hotmail.com,48,Male
megan1629355476632,megan87,1628252607,20210806,2021-08-06,New Zealand,Basic,megan87@yahoo.com,57,Unknown
nicho1629355476633,nichole87,1610848783,20210117,2021-01-17,South Africa,Basic,nichole87@gmail.com,57,Female
lewis1629355476634,lewisolivia,1610227911,20210110,2021-01-10,Switzerland,Professional,lewisolivia@yahoo.com,34,Female
zhurl1629355476635,zhurley,1612960061,20210210,2021-02-10,Switzerland,Professional,zhurley@gmail.com,54,Male
rbell1629355476636,rbell,1628986023,20210815,2021-08-15,New Zealand,Basic,rbell@gmail.com,17,Female
coope1629355476637,cooperandre,1613438055,20210216,2021-02-16,Denmark,Professional,cooperandre@hotmail.com,54,Male
brend1629355476638,brendasmith,1626840871,20210721,2021-07-21,Singapore,Professional,brendasmith@gmail.com,39,Unknown
udown1629355476639,udowns,1612777209,20210208,2021-02-08,United Arab Emirates,Professional,udowns@hotmail.com,39,Unknown
garro1629355476640,garroyo,1611468879,20210124,2021-01-24,United Kingdom,Professional,garroyo@yahoo.com,41,Female
yvonn1629355476641,yvonne19,1614900368,20210305,2021-03-05,Hong Kong,Professional,yvonne19@yahoo.com,20,Unknown
hflor1629355476642,hflores,1619732025,20210430,2021-04-30,United Arab Emirates,Professional,hflores@yahoo.com,43,Female
isabe1629355476643,isabellakirk,1616271455,20210321,2021-03-21,China,Basic,isabellakirk@gmail.com,52,Female
saman1629355476644,samanthasilva,1609933682,20210106,2021-01-06,South Africa,Basic,samanthasilva@hotmail.com,22,Male
cross1629355476645,crossherbert,1623544055,20210613,2021-06-13,Hong Kong,Basic,crossherbert@hotmail.com,48,Female
lwhee1629355476646,lwheeler,1622811340,20210604,2021-06-04,New Zealand,Professional,lwheeler@gmail.com,21,Male
bruce1629355476647,bruce17,1620830671,20210512,2021-05-12,Australia,Basic,bruce17@hotmail.com,32,Unknown
fkirk1629355476648,fkirk,1610079319,20210108,2021-01-08,Hong Kong,Basic,fkirk@hotmail.com,48,Male
antho1629355476649,anthony91,1628943536,20210814,2021-08-14,South Africa,Professional,anthony91@hotmail.com,13,Male
csamp1629355476650,csampson,1621411841,20210519,2021-05-19,Germany,Basic,csampson@hotmail.com,49,Unknown
marys1629355476651,marysimmons,1623715016,20210615,2021-06-15,Germany,Basic,marysimmons@yahoo.com,38,Male
ryan81629355476652,ryan80,1624985940,20210629,2021-06-29,United States,Basic,ryan80@gmail.com,31,Female
carol1629355476653,carolwalker,1622516759,20210601,2021-06-01,United Kingdom,Professional,carolwalker@yahoo.com,55,Female
kline1629355476654,klineshane,1616463796,20210323,2021-03-23,Denmark,Professional,klineshane@gmail.com,28,Female
ymira1629355476655,ymiranda,1628636878,20210811,2021-08-11,China,Basic,ymiranda@yahoo.com,23,Female
steve1629355476656,stevensmorgan,1625742093,20210708,2021-07-08,Singapore,Professional,stevensmorgan@yahoo.com,55,Female
qking1629355476657,qking,1612035504,20210131,2021-01-31,United Arab Emirates,Professional,qking@yahoo.com,21,Male
molly1629355476658,molly64,1615902331,20210316,2021-03-16,Norway,Professional,molly64@yahoo.com,32,Unknown
edwar1629355476659,edwardjackson,1623283703,20210610,2021-06-10,United States,Professional,edwardjackson@hotmail.com,58,Male
edwar1629355476660,edwardprince,1612444148,20210204,2021-02-04,United Kingdom,Professional,edwardprince@gmail.com,35,Female
brian1629355476661,brianna61,1628977926,20210815,2021-08-15,Switzerland,Basic,brianna61@gmail.com,54,Female
arias1629355476662,ariasannette,1613487834,20210216,2021-02-16,United Arab Emirates,Basic,ariasannette@yahoo.com,20,Female
qtown1629355476663,qtownsend,1617951765,20210409,2021-04-09,Germany,Professional,qtownsend@hotmail.com,50,Male
mckee1629355476664,mckeenicole,1614500767,20210228,2021-02-28,Ireland,Professional,mckeenicole@gmail.com,35,Male
booke1629355476665,bookerbarbara,1615832375,20210316,2021-03-16,Ireland,Professional,bookerbarbara@gmail.com,37,Male
nroch1629355476666,nrocha,1624678015,20210626,2021-06-26,United States,Basic,nrocha@yahoo.com,19,Unknown
kyle71629355476667,kyle79,1613677865,20210219,2021-02-19,China,Professional,kyle79@yahoo.com,51,Female
torre1629355476668,torresross,1620714775,20210511,2021-05-11,United Arab Emirates,Professional,torresross@yahoo.com,19,Female
miche1629355476669,michelle19,1623963174,20210618,2021-06-18,Ireland,Professional,michelle19@hotmail.com,45,Unknown
hmill1629355476670,hmiller,1616653193,20210325,2021-03-25,Ireland,Professional,hmiller@hotmail.com,56,Unknown
reedm1629355476671,reedmatthew,1629290548,20210818,2021-08-18,Australia,Basic,reedmatthew@gmail.com,16,Male
burto1629355476672,burtonlisa,1618232251,20210412,2021-04-12,Denmark,Professional,burtonlisa@gmail.com,15,Male
ngrah1629355476673,ngraham,1627994162,20210803,2021-08-03,United Arab Emirates,Basic,ngraham@yahoo.com,20,Unknown
kimbe1629355476674,kimberlygreen,1617676377,20210406,2021-04-06,United Arab Emirates,Professional,kimberlygreen@gmail.com,43,Male
sharo1629355476675,sharonlewis,1624253887,20210621,2021-06-21,China,Basic,sharonlewis@yahoo.com,17,Male
sbake1629355476676,sbaker,1627797126,20210801,2021-08-01,Singapore,Basic,sbaker@gmail.com,50,Female
roger1629355476677,roger85,1617435587,20210403,2021-04-03,France,Professional,roger85@gmail.com,27,Female
britt1629355476678,brittanywheeler,1610742166,20210116,2021-01-16,Sweden,Basic,brittanywheeler@gmail.com,43,Unknown
jeffe1629355476679,jeffery58,1615984337,20210317,2021-03-17,United Arab Emirates,Professional,jeffery58@yahoo.com,22,Male
barne1629355476680,barnesemily,1612486423,20210205,2021-02-05,Hong Kong,Basic,barnesemily@yahoo.com,45,Female
sandr1629355476681,sandra22,1626550983,20210718,2021-07-18,United States,Basic,sandra22@hotmail.com,28,Unknown
codym1629355476682,codymorales,1623343807,20210610,2021-06-10,Canada,Basic,codymorales@yahoo.com,14,Male
taylo1629355476683,taylor15,1624280614,20210621,2021-06-21,Canada,Basic,taylor15@gmail.com,60,Male
ubarn1629355476684,ubarnett,1621702165,20210522,2021-05-22,United States,Basic,ubarnett@yahoo.com,40,Female
carlo1629355476685,carlosbender,1628762654,20210812,2021-08-12,Taiwan,Professional,carlosbender@hotmail.com,17,Male
jenni1629355476686,jennifer72,1629226414,20210818,2021-08-18,Singapore,Basic,jennifer72@yahoo.com,16,Unknown
jimen1629355476687,jimenezthomas,1622915075,20210606,2021-06-06,Australia,Professional,jimenezthomas@hotmail.com,54,Female
frede1629355476688,frederick04,1627679962,20210731,2021-07-31,Sweden,Basic,frederick04@hotmail.com,43,Male
tclin1629355476689,tcline,1621178992,20210516,2021-05-16,Canada,Professional,tcline@yahoo.com,15,Male
karin1629355476690,karina43,1612797340,20210208,2021-02-08,United States,Professional,karina43@yahoo.com,21,Male
wbyrd1629355476691,wbyrd,1623362064,20210611,2021-06-11,United Kingdom,Basic,wbyrd@hotmail.com,57,Female
jessi1629355476692,jessica76,1619623396,20210428,2021-04-28,Ireland,Basic,jessica76@hotmail.com,32,Female
herna1629355476693,hernandezkimberly,1611934207,20210129,2021-01-29,South Africa,Professional,hernandezkimberly@gmail.com,34,Female
eliza1629355476694,elizabethvargas,1615905454,20210316,2021-03-16,Australia,Basic,elizabethvargas@hotmail.com,37,Unknown
saman1629355476695,samanthashort,1620324529,20210507,2021-05-07,Ireland,Basic,samanthashort@hotmail.com,12,Female
lacey1629355476696,laceythomas,1624231844,20210621,2021-06-21,New Zealand,Basic,laceythomas@hotmail.com,30,Unknown
paula1629355476697,paularnold,1623116186,20210608,2021-06-08,Ireland,Basic,paularnold@gmail.com,21,Male
cherr1629355476698,cherrywalter,1619111353,20210423,2021-04-23,Norway,Professional,cherrywalter@yahoo.com,28,Male
mdick1629355476699,mdickerson,1625786122,20210709,2021-07-09,South Korea,Basic,mdickerson@yahoo.com,25,Female
